{
  "Name": "21_to_29_bank_accounts",
  "CreationDate": "2024-1-17",
  "Commands": [
    {
      "Command": "prompt",
      "Target": "Enter From Date:",
      "Value": "FromDate",
      "Description": "From date required"
    },
    {
      "Command": "prompt",
      "Target": "Enter To Date:",
      "Value": "ToDate",
      "Description": "To date required"
    },
    {
      "Command": "run",
      "Target": "updating_main_page",
      "Value": "",
      "Description": "updating_main_page"
    },
    {
      "Command": "click",
      "Target": "id=seeAllAccountsAG1Table",
      "Value": "",
      "Description": "Clicking \"See all accounts\""
    },
    {
      "Command": "click",
      "Target": "xpath=//*[@id=\"allAccountsOverview\"]/div/div/div[2]",
      "Value": "",
      "Description": "Clicking to enable tabs"
    },
    {
      "Command": "XType",
      "Target": "${KEY_TAB} ${KEY_TAB}${KEY_TAB} ${KEY_TAB}${KEY_TAB} ${KEY_TAB}${KEY_TAB} ${KEY_TAB}${KEY_TAB} ${KEY_TAB}${KEY_TAB} ${KEY_TAB}${KEY_TAB} ${KEY_TAB}${KEY_TAB} ${KEY_TAB}${KEY_TAB} ${KEY_TAB}${KEY_TAB} ${KEY_TAB}${KEY_TAB} ${KEY_TAB}${KEY_TAB} ${KEY_TAB}${KEY_TAB} ${KEY_TAB}${KEY_TAB} ${KEY_TAB}${KEY_TAB} ${KEY_TAB}${KEY_TAB} ${KEY_TAB}${KEY_TAB} ${KEY_TAB}${KEY_TAB} ${KEY_TAB}${KEY_TAB} ${KEY_TAB}${KEY_TAB} ${KEY_TAB}${KEY_TAB} ${KEY_TAB} ${KEY_TAB} ${KEY_TAB} ${KEY_TAB} ${KEY_TAB} ${KEY_TAB} ${KEY_TAB} ${KEY_TAB}",
      "Value": "",
      "Description": "Selecting bank account 662"
    },
    {
      "Command": "XType",
      "Target": "${KEY_ENTER}",
      "Value": "",
      "Description": "Selecting bank account 662"
    },
    {
      "Command": "run",
      "Target": "generating_report",
      "Value": "",
      "Description": "generating_report"
    },
    {
      "Command": "run",
      "Target": "updating_main_page",
      "Value": "",
      "Description": "updating_main_page"
    },
    {
      "Command": "click",
      "Target": "id=seeAllAccountsAG1Table",
      "Value": "",
      "Description": "Clicking \"See all accounts\""
    },
    {
      "Command": "click",
      "Target": "xpath=//*[@id=\"allAccountsOverview\"]/div/div/div[2]",
      "Value": "",
      "Description": "Clicking to enable tabs"
    },
    {
      "Command": "XType",
      "Target": "${KEY_TAB} ${KEY_TAB}${KEY_TAB} ${KEY_TAB}${KEY_TAB} ${KEY_TAB}${KEY_TAB} ${KEY_TAB}${KEY_TAB} ${KEY_TAB}${KEY_TAB} ${KEY_TAB}${KEY_TAB} ${KEY_TAB}${KEY_TAB} ${KEY_TAB}${KEY_TAB} ${KEY_TAB}${KEY_TAB} ${KEY_TAB}${KEY_TAB} ${KEY_TAB}${KEY_TAB} ${KEY_TAB}${KEY_TAB} ${KEY_TAB}${KEY_TAB} ${KEY_TAB}${KEY_TAB} ${KEY_TAB}${KEY_TAB} ${KEY_TAB}${KEY_TAB} ${KEY_TAB}${KEY_TAB} ${KEY_TAB}${KEY_TAB} ${KEY_TAB}${KEY_TAB} ${KEY_TAB}${KEY_TAB} ${KEY_TAB}${KEY_TAB} ${KEY_TAB} ${KEY_TAB} ${KEY_TAB} ${KEY_TAB} ${KEY_TAB} ${KEY_TAB} ${KEY_TAB} ${KEY_TAB}",
      "Value": "",
      "Description": "Selecting bank account 9972"
    },
    {
      "Command": "XType",
      "Target": "${KEY_ENTER}",
      "Value": "",
      "Description": "Selecting bank account 9972"
    },
    {
      "Command": "run",
      "Target": "generating_report",
      "Value": "",
      "Description": "generating_report"
    },
    {
      "Command": "run",
      "Target": "updating_main_page",
      "Value": "",
      "Description": "updating_main_page"
    },
    {
      "Command": "click",
      "Target": "id=seeAllAccountsAG1Table",
      "Value": "",
      "Description": "Clicking \"See all accounts\""
    },
    {
      "Command": "click",
      "Target": "xpath=//*[@id=\"allAccountsOverview\"]/div/div/div[2]",
      "Value": "",
      "Description": "Clicking to enable tabs"
    },
    {
      "Command": "XType",
      "Target": "${KEY_TAB} ${KEY_TAB}${KEY_TAB} ${KEY_TAB}${KEY_TAB} ${KEY_TAB}${KEY_TAB} ${KEY_TAB}${KEY_TAB} ${KEY_TAB}${KEY_TAB} ${KEY_TAB}${KEY_TAB} ${KEY_TAB}${KEY_TAB} ${KEY_TAB}${KEY_TAB} ${KEY_TAB}${KEY_TAB} ${KEY_TAB}${KEY_TAB} ${KEY_TAB}${KEY_TAB} ${KEY_TAB}${KEY_TAB} ${KEY_TAB}${KEY_TAB} ${KEY_TAB}${KEY_TAB} ${KEY_TAB}${KEY_TAB} ${KEY_TAB}${KEY_TAB} ${KEY_TAB}${KEY_TAB} ${KEY_TAB}${KEY_TAB} ${KEY_TAB}${KEY_TAB} ${KEY_TAB}${KEY_TAB} ${KEY_TAB}${KEY_TAB} ${KEY_TAB}${KEY_TAB} ${KEY_TAB} ${KEY_TAB} ${KEY_TAB} ${KEY_TAB} ${KEY_TAB} ${KEY_TAB} ${KEY_TAB} ${KEY_TAB}",
      "Value": "",
      "Description": "Selecting bank account 9552"
    },
    {
      "Command": "XType",
      "Target": "${KEY_ENTER}",
      "Value": "",
      "Description": "Selecting bank account 9552"
    },
    {
      "Command": "run",
      "Target": "generating_report",
      "Value": "",
      "Description": "generating_report"
    },
    {
      "Command": "run",
      "Target": "updating_main_page",
      "Value": "",
      "Description": "updating_main_page"
    },
    {
      "Command": "click",
      "Target": "id=seeAllAccountsAG1Table",
      "Value": "",
      "Description": "Clicking \"See all accounts\""
    },
    {
      "Command": "click",
      "Target": "xpath=//*[@id=\"allAccountsOverview\"]/div/div/div[2]",
      "Value": "",
      "Description": "Clicking to enable tabs"
    },
    {
      "Command": "XType",
      "Target": "${KEY_TAB} ${KEY_TAB}${KEY_TAB} ${KEY_TAB}${KEY_TAB} ${KEY_TAB}${KEY_TAB} ${KEY_TAB}${KEY_TAB} ${KEY_TAB}${KEY_TAB} ${KEY_TAB}${KEY_TAB} ${KEY_TAB}${KEY_TAB} ${KEY_TAB}${KEY_TAB} ${KEY_TAB}${KEY_TAB} ${KEY_TAB}${KEY_TAB} ${KEY_TAB}${KEY_TAB} ${KEY_TAB}${KEY_TAB} ${KEY_TAB}${KEY_TAB} ${KEY_TAB}${KEY_TAB} ${KEY_TAB}${KEY_TAB} ${KEY_TAB}${KEY_TAB} ${KEY_TAB}${KEY_TAB} ${KEY_TAB}${KEY_TAB} ${KEY_TAB}${KEY_TAB} ${KEY_TAB}${KEY_TAB} ${KEY_TAB}${KEY_TAB} ${KEY_TAB}${KEY_TAB} ${KEY_TAB}${KEY_TAB} ${KEY_TAB} ${KEY_TAB} ${KEY_TAB} ${KEY_TAB} ${KEY_TAB} ${KEY_TAB} ${KEY_TAB} ${KEY_TAB}",
      "Value": "",
      "Description": "Selecting bank account 3205"
    },
    {
      "Command": "XType",
      "Target": "${KEY_ENTER}",
      "Value": "",
      "Description": "Selecting bank account 3205"
    },
    {
      "Command": "run",
      "Target": "generating_report",
      "Value": "",
      "Description": "generating_report"
    },
    {
      "Command": "run",
      "Target": "updating_main_page",
      "Value": "",
      "Description": "updating_main_page"
    },
    {
      "Command": "click",
      "Target": "id=seeAllAccountsAG1Table",
      "Value": "",
      "Description": "Clicking \"See all accounts\""
    },
    {
      "Command": "click",
      "Target": "xpath=//*[@id=\"allAccountsOverview\"]/div/div/div[2]",
      "Value": "",
      "Description": "Clicking to enable tabs"
    },
    {
      "Command": "XType",
      "Target": "${KEY_TAB} ${KEY_TAB}${KEY_TAB} ${KEY_TAB}${KEY_TAB} ${KEY_TAB}${KEY_TAB} ${KEY_TAB}${KEY_TAB} ${KEY_TAB}${KEY_TAB} ${KEY_TAB}${KEY_TAB} ${KEY_TAB}${KEY_TAB} ${KEY_TAB}${KEY_TAB} ${KEY_TAB}${KEY_TAB} ${KEY_TAB}${KEY_TAB} ${KEY_TAB}${KEY_TAB} ${KEY_TAB}${KEY_TAB} ${KEY_TAB}${KEY_TAB} ${KEY_TAB}${KEY_TAB} ${KEY_TAB}${KEY_TAB} ${KEY_TAB}${KEY_TAB} ${KEY_TAB}${KEY_TAB} ${KEY_TAB}${KEY_TAB} ${KEY_TAB}${KEY_TAB} ${KEY_TAB}${KEY_TAB} ${KEY_TAB}${KEY_TAB} ${KEY_TAB}${KEY_TAB} ${KEY_TAB}${KEY_TAB} ${KEY_TAB}${KEY_TAB} ${KEY_TAB} ${KEY_TAB} ${KEY_TAB} ${KEY_TAB} ${KEY_TAB} ${KEY_TAB} ${KEY_TAB} ${KEY_TAB}",
      "Value": "",
      "Description": "Selecting bank account 1117"
    },
    {
      "Command": "XType",
      "Target": "${KEY_ENTER}",
      "Value": "",
      "Description": "Selecting bank account 1117"
    },
    {
      "Command": "run",
      "Target": "generating_report",
      "Value": "",
      "Description": "generating_report"
    },
    {
      "Command": "run",
      "Target": "updating_main_page",
      "Value": "",
      "Description": "updating_main_page"
    },
    {
      "Command": "click",
      "Target": "id=seeAllAccountsAG1Table",
      "Value": "",
      "Description": "Clicking \"See all accounts\""
    },
    {
      "Command": "click",
      "Target": "xpath=//*[@id=\"allAccountsOverview\"]/div/div/div[2]",
      "Value": "",
      "Description": "Clicking to enable tabs"
    },
    {
      "Command": "XType",
      "Target": "${KEY_TAB} ${KEY_TAB}${KEY_TAB} ${KEY_TAB}${KEY_TAB} ${KEY_TAB}${KEY_TAB} ${KEY_TAB}${KEY_TAB} ${KEY_TAB}${KEY_TAB} ${KEY_TAB}${KEY_TAB} ${KEY_TAB}${KEY_TAB} ${KEY_TAB}${KEY_TAB} ${KEY_TAB}${KEY_TAB} ${KEY_TAB}${KEY_TAB} ${KEY_TAB}${KEY_TAB} ${KEY_TAB}${KEY_TAB} ${KEY_TAB}${KEY_TAB} ${KEY_TAB}${KEY_TAB} ${KEY_TAB}${KEY_TAB} ${KEY_TAB}${KEY_TAB} ${KEY_TAB}${KEY_TAB} ${KEY_TAB}${KEY_TAB} ${KEY_TAB}${KEY_TAB} ${KEY_TAB}${KEY_TAB} ${KEY_TAB}${KEY_TAB} ${KEY_TAB}${KEY_TAB} ${KEY_TAB}${KEY_TAB} ${KEY_TAB}${KEY_TAB} ${KEY_TAB}${KEY_TAB} ${KEY_TAB} ${KEY_TAB} ${KEY_TAB} ${KEY_TAB} ${KEY_TAB} ${KEY_TAB} ${KEY_TAB} ${KEY_TAB}",
      "Value": "",
      "Description": "Selecting bank account 689"
    },
    {
      "Command": "XType",
      "Target": "${KEY_ENTER}",
      "Value": "",
      "Description": "Selecting bank account 689"
    },
    {
      "Command": "run",
      "Target": "generating_report",
      "Value": "",
      "Description": "generating_report"
    },
    {
      "Command": "run",
      "Target": "updating_main_page",
      "Value": "",
      "Description": "updating_main_page"
    },
    {
      "Command": "click",
      "Target": "id=seeAllAccountsAG1Table",
      "Value": "",
      "Description": "Clicking \"See all accounts\""
    },
    {
      "Command": "click",
      "Target": "xpath=//*[@id=\"allAccountsOverview\"]/div/div/div[2]",
      "Value": "",
      "Description": "Clicking to enable tabs"
    },
    {
      "Command": "XType",
      "Target": "${KEY_TAB} ${KEY_TAB}${KEY_TAB} ${KEY_TAB}${KEY_TAB} ${KEY_TAB}${KEY_TAB} ${KEY_TAB}${KEY_TAB} ${KEY_TAB}${KEY_TAB} ${KEY_TAB}${KEY_TAB} ${KEY_TAB}${KEY_TAB} ${KEY_TAB}${KEY_TAB} ${KEY_TAB}${KEY_TAB} ${KEY_TAB}${KEY_TAB} ${KEY_TAB}${KEY_TAB} ${KEY_TAB}${KEY_TAB} ${KEY_TAB}${KEY_TAB} ${KEY_TAB}${KEY_TAB} ${KEY_TAB}${KEY_TAB} ${KEY_TAB}${KEY_TAB} ${KEY_TAB}${KEY_TAB} ${KEY_TAB}${KEY_TAB} ${KEY_TAB}${KEY_TAB} ${KEY_TAB}${KEY_TAB} ${KEY_TAB}${KEY_TAB} ${KEY_TAB}${KEY_TAB} ${KEY_TAB}${KEY_TAB} ${KEY_TAB}${KEY_TAB} ${KEY_TAB}${KEY_TAB} ${KEY_TAB}${KEY_TAB} ${KEY_TAB} ${KEY_TAB} ${KEY_TAB} ${KEY_TAB} ${KEY_TAB} ${KEY_TAB} ${KEY_TAB} ${KEY_TAB}",
      "Value": "",
      "Description": "Selecting bank account 3832"
    },
    {
      "Command": "XType",
      "Target": "${KEY_ENTER}",
      "Value": "",
      "Description": "Selecting bank account 3832"
    },
    {
      "Command": "run",
      "Target": "generating_report",
      "Value": "",
      "Description": "generating_report"
    },
    {
      "Command": "run",
      "Target": "updating_main_page",
      "Value": "",
      "Description": "updating_main_page"
    },
    {
      "Command": "click",
      "Target": "id=seeAllAccountsAG1Table",
      "Value": "",
      "Description": "Clicking \"See all accounts\""
    },
    {
      "Command": "click",
      "Target": "xpath=//*[@id=\"allAccountsOverview\"]/div/div/div[2]",
      "Value": "",
      "Description": "Clicking to enable tabs"
    },
    {
      "Command": "XType",
      "Target": "${KEY_TAB} ${KEY_TAB}${KEY_TAB} ${KEY_TAB}${KEY_TAB} ${KEY_TAB}${KEY_TAB} ${KEY_TAB}${KEY_TAB} ${KEY_TAB}${KEY_TAB} ${KEY_TAB}${KEY_TAB} ${KEY_TAB}${KEY_TAB} ${KEY_TAB}${KEY_TAB} ${KEY_TAB}${KEY_TAB} ${KEY_TAB}${KEY_TAB} ${KEY_TAB}${KEY_TAB} ${KEY_TAB}${KEY_TAB} ${KEY_TAB}${KEY_TAB} ${KEY_TAB}${KEY_TAB} ${KEY_TAB}${KEY_TAB} ${KEY_TAB}${KEY_TAB} ${KEY_TAB}${KEY_TAB} ${KEY_TAB}${KEY_TAB} ${KEY_TAB}${KEY_TAB} ${KEY_TAB}${KEY_TAB} ${KEY_TAB}${KEY_TAB} ${KEY_TAB}${KEY_TAB} ${KEY_TAB}${KEY_TAB} ${KEY_TAB}${KEY_TAB} ${KEY_TAB}${KEY_TAB} ${KEY_TAB}${KEY_TAB} ${KEY_TAB}${KEY_TAB} ${KEY_TAB} ${KEY_TAB} ${KEY_TAB} ${KEY_TAB} ${KEY_TAB} ${KEY_TAB} ${KEY_TAB} ${KEY_TAB}",
      "Value": "",
      "Description": "Selecting bank account 7321"
    },
    {
      "Command": "XType",
      "Target": "${KEY_ENTER}",
      "Value": "",
      "Description": "Selecting bank account 7321"
    },
    {
      "Command": "run",
      "Target": "generating_report",
      "Value": "",
      "Description": "generating_report"
    },
    {
      "Command": "run",
      "Target": "updating_main_page",
      "Value": "",
      "Description": "updating_main_page"
    },
    {
      "Command": "click",
      "Target": "id=seeAllAccountsAG1Table",
      "Value": "",
      "Description": "Clicking \"See all accounts\""
    },
    {
      "Command": "click",
      "Target": "xpath=//*[@id=\"allAccountsOverview\"]/div/div/div[2]",
      "Value": "",
      "Description": "Clicking to enable tabs"
    },
    {
      "Command": "XType",
      "Target": "${KEY_TAB} ${KEY_TAB}${KEY_TAB} ${KEY_TAB}${KEY_TAB} ${KEY_TAB}${KEY_TAB} ${KEY_TAB}${KEY_TAB} ${KEY_TAB}${KEY_TAB} ${KEY_TAB}${KEY_TAB} ${KEY_TAB}${KEY_TAB} ${KEY_TAB}${KEY_TAB} ${KEY_TAB}${KEY_TAB} ${KEY_TAB}${KEY_TAB} ${KEY_TAB}${KEY_TAB} ${KEY_TAB}${KEY_TAB} ${KEY_TAB}${KEY_TAB} ${KEY_TAB}${KEY_TAB} ${KEY_TAB}${KEY_TAB} ${KEY_TAB}${KEY_TAB} ${KEY_TAB}${KEY_TAB} ${KEY_TAB}${KEY_TAB} ${KEY_TAB}${KEY_TAB} ${KEY_TAB}${KEY_TAB} ${KEY_TAB}${KEY_TAB} ${KEY_TAB}${KEY_TAB} ${KEY_TAB}${KEY_TAB} ${KEY_TAB}${KEY_TAB} ${KEY_TAB}${KEY_TAB} ${KEY_TAB}${KEY_TAB} ${KEY_TAB}${KEY_TAB} ${KEY_TAB}${KEY_TAB} ${KEY_TAB} ${KEY_TAB} ${KEY_TAB} ${KEY_TAB} ${KEY_TAB} ${KEY_TAB} ${KEY_TAB} ${KEY_TAB}",
      "Value": "",
      "Description": "Selecting bank account 2289"
    },
    {
      "Command": "XType",
      "Target": "${KEY_ENTER}",
      "Value": "",
      "Description": "Selecting bank account 2289"
    },
    {
      "Command": "run",
      "Target": "generating_report",
      "Value": "",
      "Description": "generating_report"
    }
  ]
}