{
  "Name": "generating_report",
  "CreationDate": "2024-1-17",
  "Commands": [
    {
      "Command": "click",
      "Target": "id=headerSearchLink",
      "Value": "",
      "Description": "Searching"
    },
    {
      "Command": "XType",
      "Target": "${KEY_TAB} ${KEY_TAB} ${KEY_TAB}",
      "Value": "",
      "Description": "Selecting from date"
    },
    {
      "Command": "XType",
      "Target": "${FromDate}",
      "Value": "",
      "Description": "Typing from date"
    },
    {
      "Command": "XType",
      "Target": "${KEY_TAB} ${KEY_TAB} ",
      "Value": "",
      "Description": "Selecting to date"
    },
    {
      "Command": "XType",
      "Target": "${ToDate}",
      "Value": "",
      "Description": "Typing to date"
    },
    {
      "Command": "click",
      "Target": "id=activitySearchFilter",
      "Value": "",
      "Description": "Clicking search after indicating dates"
    },
    {
      "Command": "pause",
      "Target": "2000",
      "Value": "",
      "Description": "Pausing to avoid issues"
    },
    {
      "Command": "comment",
      "Target": "TESTING IF CONDITION",
      "Value": "",
      "Description": "Downloading report"
    },
    {
      "Command": "comment",
      "Target": "TESTING IF CONDITION",
      "Value": "",
      "Description": "Downloading report"
    },
    {
      "Command": "storeTitle",
      "Target": "",
      "Value": "initialTitle",
      "Description": "Checking initialTitle"
    },
    {
      "Command": "echo",
      "Target": "The page title is ${initialTitle}\t",
      "Value": "",
      "Description": "Echo for initialTitle"
    },
    {
      "Command": "click",
      "Target": "id=downloadActivityIcon",
      "Value": "",
      "Description": "Clicking download buttom"
    },
    {
      "Command": "storeTitle",
      "Target": "",
      "Value": "afterClickTitle",
      "Description": "Checking afterClickTitle"
    },
    {
      "Command": "if",
      "Target": "${initialTitle} != ${afterClickTitle}",
      "Value": "",
      "Description": "Evaluating if download page is open"
    },
    {
      "Command": "echo",
      "Target": "New page opened.",
      "Value": "green",
      "Description": "Echo if new page opened"
    },
    {
      "Command": "click",
      "Target": "id=download",
      "Value": "",
      "Description": "Downloading report"
    },
    {
      "Command": "XType",
      "Target": "${KEY_SHIFT+KEY_TAB}${KEY_SHIFT+KEY_TAB}${KEY_SHIFT+KEY_TAB}${KEY_SHIFT+KEY_TAB}${KEY_SHIFT+KEY_TAB}${KEY_SHIFT+KEY_TAB}",
      "Value": "",
      "Description": "Returning to main page"
    },
    {
      "Command": "XType",
      "Target": "${KEY_ENTER}",
      "Value": "",
      "Description": "Returning to main page"
    },
    {
      "Command": "pause",
      "Target": "3000",
      "Value": "",
      "Description": "Pausing 3 secs to refresh after it"
    },
    {
      "Command": "else",
      "Target": "",
      "Value": "",
      "Description": "Actions if download page doesn´t exist"
    },
    {
      "Command": "echo",
      "Target": "No new page opened.",
      "Value": "red",
      "Description": "Echo for no new page opened"
    },
    {
      "Command": "click",
      "Target": "id=requestAccounts",
      "Value": "",
      "Description": "Returning to main page when there aren´t movements"
    },
    {
      "Command": "end",
      "Target": "",
      "Value": "",
      "Description": "Closing if condition"
    }
  ]
}