{
  "Name": "11_to_20_bank_accounts",
  "CreationDate": "2024-1-17",
  "Commands": [
    {
      "Command": "prompt",
      "Target": "Enter From Date:",
      "Value": "FromDate",
      "Description": "From date required"
    },
    {
      "Command": "prompt",
      "Target": "Enter To Date:",
      "Value": "ToDate",
      "Description": "To date required"
    },
    {
      "Command": "run",
      "Target": "updating_main_page",
      "Value": "",
      "Description": "updating_main_page"
    },
    {
      "Command": "XType",
      "Target": "${KEY_TAB} ${KEY_TAB}${KEY_TAB} ${KEY_TAB}${KEY_TAB} ${KEY_TAB}${KEY_TAB} ${KEY_TAB}${KEY_TAB} ${KEY_TAB}${KEY_TAB} ${KEY_TAB}${KEY_TAB} ${KEY_TAB}${KEY_TAB} ${KEY_TAB}${KEY_TAB} ${KEY_TAB}${KEY_TAB} ${KEY_TAB}${KEY_TAB} ${KEY_TAB} ${KEY_TAB} ${KEY_TAB} ${KEY_TAB} ${KEY_TAB} ${KEY_TAB} ${KEY_TAB} ${KEY_TAB}",
      "Value": "",
      "Description": "Selecting bank account 9920"
    },
    {
      "Command": "XType",
      "Target": "${KEY_ENTER}",
      "Value": "",
      "Description": "Selecting bank account 9920"
    },
    {
      "Command": "run",
      "Target": "generating_report",
      "Value": "",
      "Description": "generating_report"
    },
    {
      "Command": "run",
      "Target": "updating_main_page",
      "Value": "",
      "Description": "updating_main_page"
    },
    {
      "Command": "XType",
      "Target": "${KEY_TAB} ${KEY_TAB}${KEY_TAB} ${KEY_TAB}${KEY_TAB} ${KEY_TAB}${KEY_TAB} ${KEY_TAB}${KEY_TAB} ${KEY_TAB}${KEY_TAB} ${KEY_TAB}${KEY_TAB} ${KEY_TAB}${KEY_TAB} ${KEY_TAB}${KEY_TAB} ${KEY_TAB}${KEY_TAB} ${KEY_TAB}${KEY_TAB} ${KEY_TAB}${KEY_TAB} ${KEY_TAB} ${KEY_TAB} ${KEY_TAB} ${KEY_TAB} ${KEY_TAB} ${KEY_TAB} ${KEY_TAB} ${KEY_TAB}",
      "Value": "",
      "Description": "Selecting bank account 6135"
    },
    {
      "Command": "XType",
      "Target": "${KEY_ENTER}",
      "Value": "",
      "Description": "Selecting bank account 6135"
    },
    {
      "Command": "run",
      "Target": "generating_report",
      "Value": "",
      "Description": "generating_report"
    },
    {
      "Command": "run",
      "Target": "updating_main_page",
      "Value": "",
      "Description": "updating_main_page"
    },
    {
      "Command": "XType",
      "Target": "${KEY_TAB} ${KEY_TAB}${KEY_TAB} ${KEY_TAB}${KEY_TAB} ${KEY_TAB}${KEY_TAB} ${KEY_TAB}${KEY_TAB} ${KEY_TAB}${KEY_TAB} ${KEY_TAB}${KEY_TAB} ${KEY_TAB}${KEY_TAB} ${KEY_TAB}${KEY_TAB} ${KEY_TAB}${KEY_TAB} ${KEY_TAB}${KEY_TAB} ${KEY_TAB}${KEY_TAB} ${KEY_TAB}${KEY_TAB} ${KEY_TAB} ${KEY_TAB} ${KEY_TAB} ${KEY_TAB} ${KEY_TAB} ${KEY_TAB} ${KEY_TAB} ${KEY_TAB}",
      "Value": "",
      "Description": "Selecting bank account 7856"
    },
    {
      "Command": "XType",
      "Target": "${KEY_ENTER}",
      "Value": "",
      "Description": "Selecting bank account 7856"
    },
    {
      "Command": "run",
      "Target": "generating_report",
      "Value": "",
      "Description": "generating_report"
    },
    {
      "Command": "run",
      "Target": "updating_main_page",
      "Value": "",
      "Description": "updating_main_page"
    },
    {
      "Command": "XType",
      "Target": "${KEY_TAB} ${KEY_TAB}${KEY_TAB} ${KEY_TAB}${KEY_TAB} ${KEY_TAB}${KEY_TAB} ${KEY_TAB}${KEY_TAB} ${KEY_TAB}${KEY_TAB} ${KEY_TAB}${KEY_TAB} ${KEY_TAB}${KEY_TAB} ${KEY_TAB}${KEY_TAB} ${KEY_TAB}${KEY_TAB} ${KEY_TAB}${KEY_TAB} ${KEY_TAB}${KEY_TAB} ${KEY_TAB}${KEY_TAB} ${KEY_TAB}${KEY_TAB} ${KEY_TAB} ${KEY_TAB} ${KEY_TAB} ${KEY_TAB} ${KEY_TAB} ${KEY_TAB} ${KEY_TAB} ${KEY_TAB}",
      "Value": "",
      "Description": "Selecting bank account 1910"
    },
    {
      "Command": "XType",
      "Target": "${KEY_ENTER}",
      "Value": "",
      "Description": "Selecting bank account 1910"
    },
    {
      "Command": "run",
      "Target": "generating_report",
      "Value": "",
      "Description": "generating_report"
    },
    {
      "Command": "run",
      "Target": "updating_main_page",
      "Value": "",
      "Description": "updating_main_page"
    },
    {
      "Command": "XType",
      "Target": "${KEY_TAB} ${KEY_TAB}${KEY_TAB} ${KEY_TAB}${KEY_TAB} ${KEY_TAB}${KEY_TAB} ${KEY_TAB}${KEY_TAB} ${KEY_TAB}${KEY_TAB} ${KEY_TAB}${KEY_TAB} ${KEY_TAB}${KEY_TAB} ${KEY_TAB}${KEY_TAB} ${KEY_TAB}${KEY_TAB} ${KEY_TAB}${KEY_TAB} ${KEY_TAB}${KEY_TAB} ${KEY_TAB}${KEY_TAB} ${KEY_TAB}${KEY_TAB} ${KEY_TAB}${KEY_TAB} ${KEY_TAB} ${KEY_TAB} ${KEY_TAB} ${KEY_TAB} ${KEY_TAB} ${KEY_TAB} ${KEY_TAB} ${KEY_TAB}",
      "Value": "",
      "Description": "Selecting bank account 1104"
    },
    {
      "Command": "XType",
      "Target": "${KEY_ENTER}",
      "Value": "",
      "Description": "Selecting bank account 1104"
    },
    {
      "Command": "run",
      "Target": "generating_report",
      "Value": "",
      "Description": "generating_report"
    },
    {
      "Command": "run",
      "Target": "updating_main_page",
      "Value": "",
      "Description": "updating_main_page"
    },
    {
      "Command": "click",
      "Target": "id=seeAllAccountsAG1Table",
      "Value": "",
      "Description": "Clicking \"See all accounts\""
    },
    {
      "Command": "click",
      "Target": "xpath=//*[@id=\"allAccountsOverview\"]/div/div/div[2]",
      "Value": "",
      "Description": "Clicking to enable tabs"
    },
    {
      "Command": "XType",
      "Target": "${KEY_TAB} ${KEY_TAB}${KEY_TAB} ${KEY_TAB}${KEY_TAB} ${KEY_TAB}${KEY_TAB} ${KEY_TAB}${KEY_TAB} ${KEY_TAB}${KEY_TAB} ${KEY_TAB}${KEY_TAB} ${KEY_TAB}${KEY_TAB} ${KEY_TAB}${KEY_TAB} ${KEY_TAB}${KEY_TAB} ${KEY_TAB}${KEY_TAB} ${KEY_TAB}${KEY_TAB} ${KEY_TAB}${KEY_TAB} ${KEY_TAB}${KEY_TAB} ${KEY_TAB}${KEY_TAB} ${KEY_TAB}${KEY_TAB} ${KEY_TAB} ${KEY_TAB} ${KEY_TAB} ${KEY_TAB} ${KEY_TAB} ${KEY_TAB} ${KEY_TAB} ${KEY_TAB}",
      "Value": "",
      "Description": "Selecting bank account 3702"
    },
    {
      "Command": "XType",
      "Target": "${KEY_ENTER}",
      "Value": "",
      "Description": "Selecting bank account 3702"
    },
    {
      "Command": "run",
      "Target": "generating_report",
      "Value": "",
      "Description": "generating_report"
    },
    {
      "Command": "run",
      "Target": "updating_main_page",
      "Value": "",
      "Description": "updating_main_page"
    },
    {
      "Command": "click",
      "Target": "id=seeAllAccountsAG1Table",
      "Value": "",
      "Description": "Clicking \"See all accounts\""
    },
    {
      "Command": "click",
      "Target": "xpath=//*[@id=\"allAccountsOverview\"]/div/div/div[2]",
      "Value": "",
      "Description": "Clicking to enable tabs"
    },
    {
      "Command": "XType",
      "Target": "${KEY_TAB} ${KEY_TAB}${KEY_TAB} ${KEY_TAB}${KEY_TAB} ${KEY_TAB}${KEY_TAB} ${KEY_TAB}${KEY_TAB} ${KEY_TAB}${KEY_TAB} ${KEY_TAB}${KEY_TAB} ${KEY_TAB}${KEY_TAB} ${KEY_TAB}${KEY_TAB} ${KEY_TAB}${KEY_TAB} ${KEY_TAB}${KEY_TAB} ${KEY_TAB}${KEY_TAB} ${KEY_TAB}${KEY_TAB} ${KEY_TAB}${KEY_TAB} ${KEY_TAB}${KEY_TAB} ${KEY_TAB}${KEY_TAB} ${KEY_TAB}${KEY_TAB} ${KEY_TAB} ${KEY_TAB} ${KEY_TAB} ${KEY_TAB} ${KEY_TAB} ${KEY_TAB} ${KEY_TAB} ${KEY_TAB}",
      "Value": "",
      "Description": "Selecting bank account 1263"
    },
    {
      "Command": "XType",
      "Target": "${KEY_ENTER}",
      "Value": "",
      "Description": "Selecting bank account 1263"
    },
    {
      "Command": "run",
      "Target": "generating_report",
      "Value": "",
      "Description": "generating_report"
    },
    {
      "Command": "run",
      "Target": "updating_main_page",
      "Value": "",
      "Description": "updating_main_page"
    },
    {
      "Command": "click",
      "Target": "id=seeAllAccountsAG1Table",
      "Value": "",
      "Description": "Clicking \"See all accounts\""
    },
    {
      "Command": "click",
      "Target": "xpath=//*[@id=\"allAccountsOverview\"]/div/div/div[2]",
      "Value": "",
      "Description": "Clicking to enable tabs"
    },
    {
      "Command": "XType",
      "Target": "${KEY_TAB} ${KEY_TAB}${KEY_TAB} ${KEY_TAB}${KEY_TAB} ${KEY_TAB}${KEY_TAB} ${KEY_TAB}${KEY_TAB} ${KEY_TAB}${KEY_TAB} ${KEY_TAB}${KEY_TAB} ${KEY_TAB}${KEY_TAB} ${KEY_TAB}${KEY_TAB} ${KEY_TAB}${KEY_TAB} ${KEY_TAB}${KEY_TAB} ${KEY_TAB}${KEY_TAB} ${KEY_TAB}${KEY_TAB} ${KEY_TAB}${KEY_TAB} ${KEY_TAB}${KEY_TAB} ${KEY_TAB}${KEY_TAB} ${KEY_TAB}${KEY_TAB} ${KEY_TAB}${KEY_TAB} ${KEY_TAB} ${KEY_TAB} ${KEY_TAB} ${KEY_TAB} ${KEY_TAB} ${KEY_TAB} ${KEY_TAB} ${KEY_TAB}",
      "Value": "",
      "Description": "Selecting bank account 9306"
    },
    {
      "Command": "XType",
      "Target": "${KEY_ENTER}",
      "Value": "",
      "Description": "Selecting bank account 9306"
    },
    {
      "Command": "run",
      "Target": "generating_report",
      "Value": "",
      "Description": "generating_report"
    },
    {
      "Command": "run",
      "Target": "updating_main_page",
      "Value": "",
      "Description": "updating_main_page"
    },
    {
      "Command": "click",
      "Target": "id=seeAllAccountsAG1Table",
      "Value": "",
      "Description": "Clicking \"See all accounts\""
    },
    {
      "Command": "click",
      "Target": "xpath=//*[@id=\"allAccountsOverview\"]/div/div/div[2]",
      "Value": "",
      "Description": "Clicking to enable tabs"
    },
    {
      "Command": "XType",
      "Target": "${KEY_TAB} ${KEY_TAB}${KEY_TAB} ${KEY_TAB}${KEY_TAB} ${KEY_TAB}${KEY_TAB} ${KEY_TAB}${KEY_TAB} ${KEY_TAB}${KEY_TAB} ${KEY_TAB}${KEY_TAB} ${KEY_TAB}${KEY_TAB} ${KEY_TAB}${KEY_TAB} ${KEY_TAB}${KEY_TAB} ${KEY_TAB}${KEY_TAB} ${KEY_TAB}${KEY_TAB} ${KEY_TAB}${KEY_TAB} ${KEY_TAB}${KEY_TAB} ${KEY_TAB}${KEY_TAB} ${KEY_TAB}${KEY_TAB} ${KEY_TAB}${KEY_TAB} ${KEY_TAB}${KEY_TAB} ${KEY_TAB}${KEY_TAB} ${KEY_TAB} ${KEY_TAB} ${KEY_TAB} ${KEY_TAB} ${KEY_TAB} ${KEY_TAB} ${KEY_TAB} ${KEY_TAB}",
      "Value": "",
      "Description": "Selecting bank account 1012"
    },
    {
      "Command": "XType",
      "Target": "${KEY_ENTER}",
      "Value": "",
      "Description": "Selecting bank account 1012"
    },
    {
      "Command": "run",
      "Target": "generating_report",
      "Value": "",
      "Description": "generating_report"
    },
    {
      "Command": "run",
      "Target": "updating_main_page",
      "Value": "",
      "Description": "updating_main_page"
    },
    {
      "Command": "click",
      "Target": "id=seeAllAccountsAG1Table",
      "Value": "",
      "Description": "Clicking \"See all accounts\""
    },
    {
      "Command": "click",
      "Target": "xpath=//*[@id=\"allAccountsOverview\"]/div/div/div[2]",
      "Value": "",
      "Description": "Clicking to enable tabs"
    },
    {
      "Command": "XType",
      "Target": "${KEY_TAB} ${KEY_TAB}${KEY_TAB} ${KEY_TAB}${KEY_TAB} ${KEY_TAB}${KEY_TAB} ${KEY_TAB}${KEY_TAB} ${KEY_TAB}${KEY_TAB} ${KEY_TAB}${KEY_TAB} ${KEY_TAB}${KEY_TAB} ${KEY_TAB}${KEY_TAB} ${KEY_TAB}${KEY_TAB} ${KEY_TAB}${KEY_TAB} ${KEY_TAB}${KEY_TAB} ${KEY_TAB}${KEY_TAB} ${KEY_TAB}${KEY_TAB} ${KEY_TAB}${KEY_TAB} ${KEY_TAB}${KEY_TAB} ${KEY_TAB}${KEY_TAB} ${KEY_TAB}${KEY_TAB} ${KEY_TAB}${KEY_TAB} ${KEY_TAB}${KEY_TAB} ${KEY_TAB} ${KEY_TAB} ${KEY_TAB} ${KEY_TAB} ${KEY_TAB} ${KEY_TAB} ${KEY_TAB} ${KEY_TAB}",
      "Value": "",
      "Description": "Selecting bank account 6500"
    },
    {
      "Command": "XType",
      "Target": "${KEY_ENTER}",
      "Value": "",
      "Description": "Selecting bank account 6500"
    },
    {
      "Command": "run",
      "Target": "generating_report",
      "Value": "",
      "Description": "generating_report"
    }
  ]
}