{
  "Name": "updating_main_page",
  "CreationDate": "2024-1-17",
  "Commands": [
    {
      "Command": "bringBrowserToForeground",
      "Target": "",
      "Value": "",
      "Description": "This is to update the focus on Chase web page (it is useful for tab)"
    },
    {
      "Command": "XType",
      "Target": "${KEY_F5}",
      "Value": "",
      "Description": "Refreshing the web page"
    },
    {
      "Command": "pause",
      "Target": "3500",
      "Value": "",
      "Description": "Pausing to refresh again and avoid issues"
    },
    {
      "Command": "XType",
      "Target": "${KEY_F5}",
      "Value": "",
      "Description": "Refreshing the web page 2"
    },
    {
      "Command": "pause",
      "Target": "3500",
      "Value": "",
      "Description": "Pausing to refresh again and avoid issues"
    },
    {
      "Command": "click",
      "Target": "xpath=//*[@id=\"allAccountsOverview\"]/div/div/div[2]",
      "Value": "",
      "Description": "Clicking to focus the page"
    },
    {
      "Command": "bringBrowserToForeground",
      "Target": "",
      "Value": "",
      "Description": "This is to update the focus on Chase web page (it is useful for tab)"
    }
  ]
}