{
  "Name": "ChaseScraperWIP",
  "CreationDate": "2023-12-26",
  "Commands": [
    {
      "Command": "label",
      "Target": "Initialize",
      "Value": "",
      "Description": ""
    },
    {
      "Command": "bringBrowserToForeground",
      "Target": "",
      "Value": "",
      "Description": ""
    },
    {
      "Command": "store",
      "Target": "FAST",
      "Value": "!replayspeed",
      "Description": ""
    },
    {
      "Command": "prompt",
      "Target": "Enter From Date:",
      "Value": "FromDate",
      "Description": ""
    },
    {
      "Command": "prompt",
      "Target": "Enter To Date:",
      "Value": "ToDate",
      "Description": ""
    },
    {
      "Command": "XClickRelative",
      "Target": "chasescraper1.png",
      "Value": "",
      "Description": ""
    },
    {
      "Command": "XClickRelative",
      "Target": "chasescraper2.png",
      "Value": "",
      "Description": ""
    },
    {
      "Command": "XClick",
      "Target": "id=account-selector",
      "Value": "",
      "Description": ""
    },
    {
      "Command": "XType",
      "Target": "${KEY_UP}",
      "Value": "",
      "Description": ""
    },
    {
      "Command": "XType",
      "Target": "${KEY_ENTER}",
      "Value": "",
      "Description": ""
    },
    {
      "Command": "storeAttribute",
      "Target": "xpath=//*[@id=\"account-selector\"]@value",
      "Value": "LastAccount",
      "Description": ""
    },
    {
      "Command": "XClick",
      "Target": "id=account-selector",
      "Value": "",
      "Description": ""
    },
    {
      "Command": "XType",
      "Target": "${KEY_DOWN}",
      "Value": "",
      "Description": ""
    },
    {
      "Command": "XType",
      "Target": "${KEY_ENTER}",
      "Value": "",
      "Description": ""
    },
    {
      "Command": "store",
      "Target": "0",
      "Value": "CurrentAccount",
      "Description": ""
    },
    {
      "Command": "store",
      "Target": "0",
      "Value": "loop",
      "Description": ""
    },
    {
      "Command": "label",
      "Target": "Start scraping accounts",
      "Value": "",
      "Description": ""
    },
    {
      "Command": "while",
      "Target": "${CurrentAccount} != ${LastAccount}",
      "Value": "",
      "Description": ""
    },
    {
      "Command": "XClick",
      "Target": "id=account-selector",
      "Value": "",
      "Description": ""
    },
    {
      "Command": "times",
      "Target": "${loop}",
      "Value": "",
      "Description": ""
    },
    {
      "Command": "XType",
      "Target": "${KEY_DOWN}",
      "Value": "",
      "Description": ""
    },
    {
      "Command": "end",
      "Target": "",
      "Value": "",
      "Description": ""
    },
    {
      "Command": "XType",
      "Target": "${KEY_ENTER}",
      "Value": "",
      "Description": ""
    },
    {
      "Command": "storeAttribute",
      "Target": "xpath=//*[@id=\"account-selector\"]@value",
      "Value": "CurrentAccount",
      "Description": ""
    },
    {
      "Command": "XType",
      "Target": "${KEY_TAB}",
      "Value": "",
      "Description": ""
    },
    {
      "Command": "XClick",
      "Target": "id=downloadActivityOptionId",
      "Value": "",
      "Description": ""
    },
    {
      "Command": "XClick",
      "Target": "ocr=Choose a date range",
      "Value": "",
      "Description": ""
    },
    {
      "Command": "XType",
      "Target": "${KEY_TAB}",
      "Value": "",
      "Description": ""
    },
    {
      "Command": "XType",
      "Target": "${KEY_TAB}",
      "Value": "",
      "Description": ""
    },
    {
      "Command": "XType",
      "Target": "${FromDate}",
      "Value": "",
      "Description": ""
    },
    {
      "Command": "click",
      "Target": "id=accountActivityToDate",
      "Value": "",
      "Description": ""
    },
    {
      "Command": "XType",
      "Target": "${KEY_TAB}",
      "Value": "",
      "Description": ""
    },
    {
      "Command": "XType",
      "Target": "${KEY_TAB}",
      "Value": "",
      "Description": ""
    },
    {
      "Command": "XType",
      "Target": "${ToDate}",
      "Value": "",
      "Description": ""
    },
    {
      "Command": "click",
      "Target": "xpath=//*[@id=\"download\"]",
      "Value": "",
      "Description": ""
    },
    {
      "Command": "pause",
      "Target": "2000",
      "Value": "",
      "Description": ""
    },
    {
      "Command": "click",
      "Target": "id=downloadOtherActivity",
      "Value": "",
      "Description": ""
    },
    {
      "Command": "executeScript_Sandbox",
      "Target": "return Number(${loop}) + 1;",
      "Value": "loop",
      "Description": ""
    },
    {
      "Command": "end",
      "Target": "",
      "Value": "",
      "Description": ""
    },
    {
      "Command": "echo",
      "Target": "Finished. Downloaded ${loop} accounts",
      "Value": "#shownotification",
      "Description": ""
    }
  ]
}